cluster,words,prominence
10,etag headers svc referer xss bandh expires hash tpl lookup disposition hearst cbc src slideshare pepsi kendall cache rx nr redirect flickriver por picclick newsletter spodes mso listeners jenner que cookies reserved obasanjo llc sander music buhari url zombiebaron casino abacha download podcast dele songs myspace nilsson firearm pavn lem,505.9808046331148
5,rx bandh headers etag xss obasanjo lookup buhari abacha spodes flickriver giwa svc pavn abiola referer hash dele scriptures expires zombiebaron irgc babangida verse satan bible covenant hearst tpl mso verses sunnis ds pepsi vietminh jesus giap peng sisko nlf seed arvn god chumbaevo scripture spiritual cholon nilsson militarily kendall,455.4076454139353
0,photo taken photograph pulitzer photographer ap iconic associated picture faas prize ut captured soldiers huynh napalm saigon lyon suspected during browne trang phuc cong thich soldier viet huet vietnamese famous nick photos shot girl took phan near killed press quang horst nguyen flames child adams photographs execution kim eddie monk,376.914191685484
13,flickriver headers etag expires svc blog referer photos xss iconic hash provenance datum schatzpreis recto photo src tpl archive gallery lookup flickr una famous verso posts kendall disposition collection redirect que jenner eisenstaedt photographs mso here lego hearst pinterest pepsi amsterdam eddie pictures png url amazing dorothea casino por images,297.4284792440131
2,minh chi vietnam involvement ho indochina presentations containment vietminh laos communism vietnamization domino cambodia accords war escalation communist tonkin lbj wwii advisors southeast colony pres nixon ngo north slideplayer divided cold gulf truman france diem dien asia french chapter united johnson parallel controlled thunder geneva states dinh troops independence eisenhower,260.76348539698165
4,loan nguyen adams ngoc lem execution eddie lop handcuffed prisoner suu commenting cong executing pistol chief saigon viet nbc wordpress summarily executed brigadier connecting icon account navigation general head cameraman van bullet trigger pulitzer vo brutality praised officer photograph police meta shooting blogroll photographer reply footage using shot tet vietcong,260.4275456670544
7,photography photographers photographs photojournalism sontag photographer context photographic photograph photojournalist viewer adams visual image portraiture photos exhibition pictures manipulation barthes images aesthetic emotions photographing eddie capa camera portraits work art landscapes documentary emotional emotion aperture iconic workshop mccullin conceptual lookup narratives picture tpl mccurry lighting aesthetics paintings artistic exhibited documenting,233.24941242131126
1,etag headers referer embed content svc uploaded myspace expires xss hash website add login options learn url description password redirect useful cache web find please inappropriate disposition info your user listeners png use discover information server email listen browser tab cookies check settings filter membership app document ads acknowledge connect,213.61440592264873
3,meme memes nbsp lol fucking funny shit hahaha archived kendall hilarious guy pepsi know haha emu fuck jenner gonna probably oh buster nice someone ll spodes annoying bro pics ya dude me yes crazy wanna stupid anon yeah guys jokes alright say don cigar nigger duterte thread laugh joke mod,196.88088932795182
8,forum member replies thread threads posts mod forums userinfo postbit popupmenu svc sep css headers pics registered slot users page etag edit referer xss wed go lol apr discussion pm expires tue location nice browsing rx template user link edited url post pic flickriver joined styles hash anyway sites supporter,167.46974636160724
11,tet offensive vietnamese communists north embassy arvn pavn south forces communist nva vietnam viet launched hue westmoreland troops vc johnson nlf citadel saigon military cong vietnamization attacks capitals macv truce continued cities began fighting battalions casualties minh hanoi thieu towns lyndon nixon war united giap americans defeat government lai negotiations,154.29088627504615
12,browser scan javascript infected headers administrator server referer enable sure proves connection completing please property access web run page expires etag ip network xss cookies hash temporary can virus shared cache blocking error prevent redirect url ask requests svc you step id user installed does protocol disabled disposition powered turn,103.49412705975134
9,jul norton seller picclick auction item tab newsletter analysis detected alerts shipping sold category payment opens items inbox market usage upcoming ratings est hong tracking weekly nov kong services etag value lot receive helen confirm street usa quantity insights feedback filters expires shop sorry referer window explore requested headers reserved,83.0801409223772
6,post media searches boards latest thread archives pt these certain mso enough swing referred something offline funny match headers template deliver utc est discussion changes realm svc loud user isn can turn full words suggest gets come sites vindman hopefully link allow existed whether ideal complain url useful patterns made,71.9998622399964
14,cart punk shopping license credits records hosted loggedinband guest results hasservice aka tags ko fans releases essential supported artists crown browse contact help music titled eternal pursue pop dream spiritual metal like coming silence lyrics band split radio noise mind antichrist crushing name featured manner satan sounds core svc etag,55.99837742872677
